Date,Forecast_Registrations,yhat_lower,yhat_upper
2020-01-01,1775480.2230565338,1360710.7433850595,2224132.945974577
2020-02-01,1693749.3716091844,1259683.786166017,2106013.1016806574
2020-03-01,2166182.192366709,1749254.3458628121,2597032.829965239
2020-04-01,1243461.180511394,835757.032951474,1663721.7408532605
2020-05-01,926917.6203387799,510602.8985452065,1339257.698611824
2020-06-01,1334141.95912022,912075.6514504133,1723612.1887184929
2020-07-01,1515396.5464058383,1086367.0619454563,1951118.9264985744
2020-08-01,1393311.332232879,973309.5757735159,1817672.6973250508
2020-09-01,1305759.8587696713,890256.3443736118,1697681.723624283
2020-10-01,2169652.7281889752,1746974.5337033726,2580083.415865211
2020-11-01,2322696.555795929,1904645.9198893216,2774242.8614888513
2020-12-01,1570095.540602191,1144137.3844111476,1984935.4740686526
2021-01-01,1707962.506999767,1285960.7367748776,2138958.3657283154
2021-02-01,1503531.5323459823,1082682.8218512903,1949264.6000716966
2021-03-01,2020756.2688768008,1607890.1471260116,2414106.5990007073
2021-04-01,1416290.8868886032,970316.5506319092,1852234.6136201543
2021-05-01,1252160.1192669852,841221.809958961,1678607.5786113448
2021-06-01,1469647.6307028309,1057298.5083489292,1879126.836923904
2021-07-01,1586184.4790618825,1181870.165682382,1986327.7821892768
2021-08-01,1541174.8126666504,1104926.2178549697,1957366.7632335965
2021-09-01,1492432.5211128325,1071409.6975954722,1924710.29019616
2021-10-01,2267394.9203170864,1848362.9300379232,2687300.1404239153
2021-11-01,2511546.511581335,2085124.435269827,2944376.165783909
2021-12-01,1724847.331237584,1329977.1905311747,2164330.058077459
2022-01-01,1934062.6221669589,1506323.277368442,2350963.29241174
2022-02-01,1775015.7537161387,1340795.3641014902,2204634.8434008253
2022-03-01,1898692.3374905575,1477298.6805362527,2346255.448495191
2022-04-01,1618581.9692437942,1210478.9867147563,2029970.1236210754
2022-05-01,1600566.504844262,1177091.0941047226,1981972.0691645856
2022-06-01,1624391.3999548797,1199765.3531840688,2049547.476381023
2022-07-01,1632954.7428589473,1185758.6516504316,2082990.1640201837
2022-08-01,1667078.257647663,1252993.0612492417,2100231.6570556625
2022-09-01,1656049.7073638975,1261400.7077904162,2046582.2801214277
2022-10-01,2342396.0460834973,1922384.0564998821,2766553.56566811
2022-11-01,2678288.27430232,2254611.790592761,3092600.2055856534
2022-12-01,1857531.1318283225,1410221.2715409677,2296963.2197470097
2023-01-01,2137308.989788044,1734743.632717105,2566258.3976608287
2023-02-01,2019154.344415142,1631591.367983888,2458448.2344822763
2023-03-01,1754151.0404761918,1353607.1886974694,2142628.3142441697
2023-04-01,1804172.118333459,1394302.0229372177,2229435.561403567
2023-05-01,1925755.2577677546,1520058.7555178064,2348225.9335254617
2023-06-01,1752192.557980049,1324417.4247038004,2166489.3017675653
2023-07-01,1678886.9170035627,1266141.9482462867,2101092.3772166274
2023-08-01,1794128.7967008087,1408819.3990114862,2217279.7800973966
2023-09-01,1819671.2470346885,1392923.673706472,2243423.0446906975
2023-10-01,2417778.17826233,2003438.7256515569,2815779.162083678
2023-11-01,2845975.55957271,2417961.1333163837,3258522.5151745165
2023-12-01,1991191.4928689343,1548319.340877572,2411178.8108366197
2024-01-01,2340666.055458525,1923131.6869939794,2770470.8868551822
2024-02-01,2258935.2040178147,1807434.6812154965,2660784.2166874493
2024-03-01,2731368.024781274,2316096.581678766,3147569.745608441
2024-04-01,2030344.1990556363,1631555.7449393054,2466584.0989688267
2024-05-01,1713800.6388890212,1292227.6083901764,2113932.0065136
2024-06-01,2121024.9776811823,1680655.0029361339,2559505.7442961554
2024-07-01,2302279.564976926,1889132.574220948,2705587.4698103257
2024-08-01,2180194.3508176534,1758047.441709313,2601664.2948560193
2024-09-01,2092642.8773665365,1677677.9520103228,2494590.201969671
2024-10-01,2904844.4952331986,2482057.3772667167,3358148.1133483592
2024-11-01,3057888.322856826,2623006.672784658,3499083.969207117
2024-12-01,2305287.3076840485,1900806.0146365168,2712087.7613895377
2025-01-01,2443154.274095707,2005397.8686797866,2839212.994535125
2025-02-01,2238723.299457425,1812467.0611496982,2669792.184670171
2025-03-01,2755948.0360016357,2336612.1006851457,3205904.01993041
2025-04-01,2151482.6540308963,1734960.958747815,2571841.538183486
2025-05-01,1987351.8864267515,1585639.9471485838,2411850.4694978176
2025-06-01,2204839.3978773337,1793546.2807448786,2618713.6800204455
2025-07-01,2298303.5241462504,1890206.0643269718,2726549.5985018983
2025-08-01,2253293.8577716444,1825769.2403079201,2686309.1145322816
2025-09-01,2204551.566237208,1760824.9219180825,2626313.545975446
2025-10-01,2979513.9654586744,2548031.4023143486,3395585.144393888
2025-11-01,3223665.556741444,2785665.557827707,3669499.1050485102
2025-12-01,2436966.376413421,2006800.2693433552,2846416.6188617568
2026-01-01,2646181.6673578974,2239989.456683024,3071927.0820696503
2026-02-01,2487134.7989238924,2084075.7024859795,2918738.3763614246
2026-03-01,2610811.382711765,2165763.624008483,3010272.8574984903
2026-04-01,2382392.2660487234,1956151.7165708856,2807734.039301378
2026-05-01,2364376.801667306,1970259.1611488734,2782767.1884201905
2026-06-01,2388201.6967952675,1961102.295819058,2801252.8850484015
2026-07-01,2396765.03971462,1972807.501690297,2802121.83193489
2026-08-01,2430888.5545201823,2012186.479310735,2850658.3521904023
2026-09-01,2419860.0042551765,2012281.1775173766,2800837.0995388697
2026-10-01,3106206.342990952,2671385.2030766215,3501553.9290673663
2026-11-01,3442098.5712271496,3015710.1238097204,3857664.4913811805
2026-12-01,2621341.4287735624,2239910.342607534,3018588.1880925037
2027-01-01,2878046.5646494366,2484528.6489291983,3310787.0199963427
2027-02-01,2759891.9192904416,2328524.948352739,3178729.7685027462
2027-03-01,2494888.615363581,2087408.101466998,2913823.132032382
2027-04-01,2544909.693239232,2100521.0975179076,2959471.6895902236
2027-05-01,2666492.8326877323,2244819.8910378558,3110007.2667642576
2027-06-01,2492930.1329110307,2055321.283732926,2912414.8423295775
2027-07-01,2419624.491947118,1985755.6853304058,2822458.844526725
2027-08-01,2534866.371655725,2109696.4123907527,2988550.4561199932
2027-09-01,2560408.821998053,2127955.402955485,2975328.7403837615
2027-10-01,3158515.75323285,2711647.519203481,3592014.661123152
2027-11-01,3586713.134550439,3166525.2109165746,4007092.2185056917
2027-12-01,2731929.0678547695,2331682.007024699,3126309.2184768766
2028-01-01,3081403.6304535465,2663658.627135976,3500117.6570135844
2028-02-01,2999672.7790217805,2581418.509054872,3461449.199899445
2028-03-01,3472105.5997946463,3044367.462098471,3892579.8065715395
2028-04-01,2549384.5879580425,2087427.0109657259,2974745.5651470977
2028-05-01,2232841.027801993,1810846.0389213178,2672044.3217667616
2028-06-01,2640065.366602602,2231937.509315169,3061385.236907848
2028-07-01,2821319.95390498,2404252.371109248,3255690.718066502
2028-08-01,2699234.7397483448,2308309.1624653675,3116809.8414458637
2028-09-01,2611683.266298565,2147646.1677728337,3052003.7034122488
2028-10-01,3475576.135733227,3036616.8778179344,3887657.7999159093
2028-11-01,3628619.9633563855,3214382.67620136,4022349.731375934
2028-12-01,2876018.9481833875,2481729.9146978282,3285099.6232924913
2029-01-01,3013885.914596163,2624566.5442952956,3406259.03162673
2029-02-01,2809454.9399565845,2414919.183088166,3230338.405144402
2029-03-01,3326679.676504543,2901766.4730146513,3771093.24636196
2029-04-01,2722214.2945306203,2279169.0446051364,3123365.102694948
2029-05-01,2558083.5269271634,2126502.279257722,2971735.530828261
2029-06-01,2775571.0383770624,2370508.243154145,3202861.7846509884
2029-07-01,2869035.164646039,2417385.9241792457,3270169.577861273
2029-08-01,2824025.4982708804,2418312.564904978,3256284.764206779
2029-09-01,2775283.2067358806,2368281.638671601,3199762.2547818716
2029-10-01,3550245.605958408,3144461.8326360835,3966930.7058330304
2029-11-01,3794397.197240527,3374723.638702604,4198058.348609604
2029-12-01,3007698.0169128245,2580619.019516741,3414625.735827232
2030-01-01,3216913.3078573337,2779798.8187350943,3606835.2914390094
2030-02-01,3057866.439425973,2648770.15402169,3456477.706867346
2030-03-01,3181543.023210789,2713296.1415936383,3596176.2670691027
2030-04-01,2901432.6549812653,2484934.2792118522,3313088.8464019047
2030-05-01,2883417.1905989693,2415254.4691953408,3292341.347171514
2030-06-01,2907242.0857274104,2479022.5281871553,3338077.5493711745
2030-07-01,2915805.4286468895,2512216.4523238097,3296405.567814328
2030-08-01,2949928.9434526674,2561310.1415672526,3350253.029623999
2030-09-01,2938900.3931867634,2514100.250281444,3362923.6539515518
2030-10-01,3625246.73192283,3197564.756179073,4042858.4526384943
2030-11-01,3961138.960159657,3517435.4851472625,4359782.147390503
2030-12-01,3140381.817705301,2711397.7668203637,3524764.30990623
2031-01-01,3420159.675686164,3003372.0511018825,3843361.578354882
2031-02-01,3302005.0303282593,2888596.416289186,3705470.8479447206
2031-03-01,3037001.7264035074,2614899.7841984364,3461395.6755380426
2031-04-01,3087022.8042759853,2651515.8747257977,3523069.2383504347
2031-05-01,3208605.943727687,2813107.2090366897,3626516.6630366184
2031-06-01,3035043.243948291,2606152.7076523104,3442361.088373268
2031-07-01,2961737.6029839856,2553312.844374734,3372389.1524171317
2031-08-01,3076979.4826934505,2642274.7488307063,3510076.253297744
2031-09-01,3102521.933035562,2708598.5430613765,3520441.2379089585
2031-10-01,3700628.864269107,3267607.8561062333,4123623.061750185
2031-11-01,4128826.24558687,3727016.6619054954,4547926.403456849
2031-12-01,3274042.1788918166,2847697.523918636,3679021.9929358745
2032-01-01,3623516.7414913885,3234448.501090586,4031090.7365238215
2032-02-01,3541785.890058077,3106169.1872781394,3960716.063345559
2032-03-01,4014218.7108335453,3578602.1068537515,4438218.476292242
2032-04-01,3091497.698994935,2687872.1717332397,3523814.9932218385
2032-05-01,2774954.1388426744,2358798.162360604,3185274.4044833216
2032-06-01,3182178.4776394847,2786716.1759513314,3617533.485770254
2032-07-01,3363433.0649429713,2937439.3702207226,3777403.7047821674
2032-08-01,3241347.850785338,2790515.4650286124,3688943.5488216816
2032-09-01,3153796.3773359167,2751061.1383176134,3604117.160502104
2032-10-01,4017689.2467691386,3577521.175431013,4457924.323438803
2032-11-01,4170733.074394024,3752750.217939452,4623466.336499251
2032-12-01,3418132.0592207327,2980113.8961330545,3842667.0822906652
2033-01-01,3555999.025632978,3123542.179238164,4001926.5996198063
2033-02-01,3351568.0509931287,2931654.468124911,3772742.9716421054
2033-03-01,3868792.787537736,3455466.942612242,4281092.936310235
2033-04-01,3264327.405568206,2862502.9337243782,3678313.225312717
2033-05-01,3100196.6379619455,2701136.097453468,3543574.0478643817
2033-06-01,3317684.1494140187,2915850.2354812874,3756089.518799285
2033-07-01,3411148.2756817625,2969768.0183646185,3818736.7539545437
2033-08-01,3366138.6093072067,2948093.415768019,3807429.328941528
2033-09-01,3317396.3177731554,2899988.6354171764,3739694.8786745593
2033-10-01,4092358.7169959075,3650882.812706858,4514548.000328674
2033-11-01,4336510.308277772,3945633.3533853916,4774184.668091461
2033-12-01,3549811.127949644,3115667.679972283,3970275.902012611
2034-01-01,3759026.418896514,3312999.5318993395,4171540.9893701095
2034-02-01,3599979.550462478,3146177.566413424,4015476.6452195575
2034-03-01,3723656.134249234,3321269.020831697,4155002.6053805323
2034-04-01,3443545.7660180577,3012963.3860978936,3881929.876077225
2034-05-01,3425530.301634254,3004452.824189428,3842812.787295538
2034-06-01,3449355.196764379,3041814.5532607944,3874368.8197959764
2034-07-01,3457918.5396841625,3057868.7243197006,3895168.0633938303
2034-08-01,3492042.0544895753,3104008.7549267877,3941398.899456918
2034-09-01,3481013.50422363,3056314.3250585566,3919091.5196390473
2034-10-01,4167359.842959255,3739165.117241837,4558675.653966938
2034-11-01,4503252.071196259,4089783.02367891,4928314.197257944
2034-12-01,3682494.928743037,3269177.636335169,4111168.2879054747
2035-01-01,3962272.786723341,3531238.0929683745,4373742.153005394
2035-02-01,3844118.1413647467,3421561.758234859,4248184.346435848
2035-03-01,3579114.8374414314,3138230.7365680444,3963759.8514349614
2035-04-01,3629135.915313222,3187066.3574629417,4040916.762020238
2035-05-01,3750719.0547627164,3316541.0264140503,4178012.1095554917
2035-06-01,3577156.3549856604,3147673.947189645,3988779.842334358
2035-07-01,3503850.7140223407,3071964.2925518216,3923068.65004828
2035-08-01,3619092.593730772,3232664.313557991,4044169.637561628
2035-09-01,3644635.044072326,3213783.7821241505,4071987.4407301187
2035-10-01,4242741.9753062315,3788048.719180536,4659035.158685524
2035-11-01,4670939.356624627,4213054.809676479,5074839.741392353
2035-12-01,3816155.289929064,3395047.837837182,4253701.57275902
