Penalty,Obj_Crore,Facilities_Open,Opened,Informal_Loss_Pct
100,-2007.9119471594001,3,"Chennai, Ahmedabad, Kolkata",0.0
300,-1983.2591971594002,3,"Chennai, Ahmedabad, Kolkata",0.0
500,-1958.6064471594002,3,"Chennai, Ahmedabad, Kolkata",0.0
800,-1921.6273221594001,3,"Chennai, Ahmedabad, Kolkata",0.0
1000,-1896.9745721594002,3,"Chennai, Ahmedabad, Kolkata",0.0
1500,-1895.2172362212998,3,"Chennai, Ahmedabad, Kolkata",0.0
2000,-1895.2172362212998,3,"Chennai, Ahmedabad, Kolkata",0.0
3000,-1895.2172362212998,3,"Chennai, Ahmedabad, Kolkata",0.0
5000,-1895.2172362212998,3,"Chennai, Ahmedabad, Kolkata",0.0
